NaN,"Foreign direct investment, net (BoP, current US$)","Net capital account (BoP, current US$)","Net trade in goods and services (BoP, current US$)","Exports of goods and services (BoP, current US$)","Charges for the use of intellectual property, payments (BoP, current US$)","Net secondary income (BoP, current US$)","Grants, excluding technical cooperation (BoP, current US$)","Total reserves (includes gold, current US$)","External debt stocks, long-term (DOD, current US$)",Total debt service (% of GNI),"Debt service on external debt, total (TDS, current US$)","Net financial flows, bilateral (NFL, current US$)","Commercial banks and other lending (PPG + PNG) (NFL, current US$)",Adjusted net national income (current US$),"GNI, Atlas method (current US$)",Exports of goods and services (annual % growth),GDP growth (annual %),GNI growth (annual %),GDP (constant LCU),GNI (constant LCU),Gross national expenditure (constant LCU),Gross domestic income (constant LCU),"Industry (including construction), value added (constant LCU)","Manufacturing, value added (constant LCU)","Services, value added (constant LCU)",GDP (current LCU),GNI (current LCU),Exports of goods and services (current LCU),"Industry (including construction), value added (current LCU)","Services, value added (current LCU)",Gross savings (% of GDP),Gross savings (% of GNI),Exports of goods and services (% of GDP),Trade (% of GDP),Imports of goods and services (constant 2010 US$),Exports of goods and services (constant 2010 US$),GDP (current US$),GNI (current US$),Exports of goods and services (current US$),Imports of goods and services (current US$),"Services, value added (current US$)","Net ODA provided, total (% of GNI)",Net ODA received (% of central government expense),Net ODA received (% of GNI),Net official aid received (current US$),"GDP per capita, PPP (current international $)","GDP per capita, PPP (current international $)","GNI, PPP (current international $)","Households and NPISHs Final consumption expenditure, PPP (current international $)","Gross intake ratio in first grade of primary education, total (% of relevant age group)","Over-age students, primary (% of enrollment)","Persistence to grade 5, total (% of cohort)","Government expenditure on education, total (% of government expenditure)","Compulsory education, duration (years)","Adjusted net enrollment rate, primary (% of primary school age children)","Primary education, pupils",Aquaculture production (metric tons),Cereal production (metric tons),"Plant species (higher), threatened",Rural population,Urban population,Electricity production from coal sources (% of total),Access to electricity (% of population),GDP per unit of energy use (PPP $ per kg of oil equivalent),"Annual freshwater withdrawals, total (% of internal resources)",Arable land (hectares),Land area (sq. km),Urban land area (sq. km),Rural land area (sq. km),Total natural resources rents (% of GDP),"Depositors with commercial banks (per 1,000 adults)",Bank liquid reserves to bank assets ratio (%),"Claims on central government, etc. (% GDP)",Net domestic credit (current LCU),Net foreign assets (current LCU),"Listed domestic companies, total","Stocks traded, total value (current US$)",Consumer price index (2010 = 100),"Inflation, GDP deflator (annual %)",Deposit interest rate (%),Real interest rate (%),Broad money (% of GDP),"Domestic general government health expenditure per capita, PPP (current international $)",Current health expenditure (% of GDP),Current health expenditure per capita (current US$),"External health expenditure per capita, PPP (current international $)","Mortality rate, infant (per 1,000 live births)",Number of infant deaths,"Population, total","ICT service exports (BoP, current US$)","Patent applications, residents","Trademark applications, total",Rail lines (total route-km),Gini index (World Bank estimate),Multidimensional poverty headcount ratio (% of total population),Poverty headcount ratio at national poverty lines (% of population),Start-up procedures to register a business (number),Cost of business start-up procedures (% of GNI per capita),Profit tax (% of commercial profits),Merchandise exports to high-income economies (% of total merchandise exports),Fuel exports (% of merchandise exports),Ores and metals exports (% of merchandise exports),Merchandise imports (current US$),Food imports (% of merchandise imports),Fuel imports (% of merchandise imports),Ores and metals imports (% of merchandise imports),"Bound rate, simple mean, all products (%)","Share of tariff lines with international peaks, all products (%)","Binding coverage, all products (%)",Export value index (2000 = 100),"Armed forces personnel, total","Armed forces personnel, total",Military expenditure (% of GDP),"Central government debt, total (% of GDP)",Expense (% of GDP),Tax revenue (% of GDP),Taxes on goods and services (% of revenue),"Revenue, excluding grants (% of GDP)",Social contributions (current LCU),IDA resource allocation index (1=low to 6=high),"Employers, total (% of total employment) (modeled ILO estimate)","Labor force participation rate for ages 15-24, female (%) (national estimate)",Benefit incidence of social protection and labor programs to poorest quintile (% of total SPL benefits),"Unemployment, total (% of total labor force) (modeled ILO estimate)",Increase in poverty gap at $3.20 ($ 2011 PPP) poverty line due to out-of-pocket health care expenditure (USD),Increase in poverty gap at $1.90 ($ 2011 PPP) poverty line due to out-of-pocket health care expenditure (USD),Number of people pushed below the $3.20 ($ 2011 PPP) poverty line by out-of-pocket health care expenditure
1960 [YR1960],NaN,NaN,NaN,NaN,NaN,NaN,3400000,17501597.91,NaN,NaN,NaN,NaN,NaN,NaN,NaN,NaN,NaN,NaN,1998845695,NaN,NaN,NaN,NaN,NaN,NaN,199300,157300,NaN,83100,78200,NaN,NaN,NaN,NaN,NaN,NaN,99650000,78650000,NaN,NaN,39100000,NaN,NaN,11.21423992,NaN,NaN,NaN,NaN,NaN,NaN,NaN,NaN,NaN,NaN,NaN,NaN,0,NaN,NaN,151823,136047,NaN,NaN,NaN,NaN,NaN,NaN,NaN,NaN,NaN,NaN,NaN,NaN,NaN,NaN,NaN,NaN,0.008153684,NaN,NaN,NaN,NaN,NaN,NaN,NaN,NaN,NaN,NaN,287870,NaN,NaN,NaN,NaN,NaN,NaN,NaN,NaN,NaN,NaN,91.11617312,NaN,NaN,54000000,NaN,NaN,NaN,NaN,NaN,NaN,NaN,NaN,NaN,NaN,NaN,NaN,NaN,NaN,NaN,NaN,NaN,NaN,NaN,NaN,NaN,NaN,NaN,NaN
1961 [YR1961],NaN,NaN,NaN,NaN,NaN,NaN,4500000,16262115.63,NaN,NaN,NaN,NaN,NaN,NaN,NaN,NaN,4.8,NaN,2094790289,NaN,NaN,NaN,NaN,NaN,NaN,215400,164900,NaN,82500,87700,NaN,NaN,NaN,NaN,NaN,NaN,107700000,82450000,NaN,NaN,43850000,NaN,NaN,12.54093408,NaN,NaN,NaN,NaN,NaN,NaN,NaN,NaN,NaN,NaN,NaN,NaN,0,72787,NaN,155955,139958,NaN,NaN,NaN,NaN,28000,156000,NaN,NaN,NaN,NaN,NaN,NaN,NaN,NaN,NaN,NaN,0.008293064,3.128124007,NaN,NaN,NaN,NaN,NaN,NaN,NaN,NaN,NaN,295913,NaN,NaN,NaN,NaN,NaN,NaN,NaN,NaN,NaN,NaN,94.17475728,NaN,NaN,54000000,NaN,NaN,NaN,NaN,NaN,NaN,NaN,NaN,NaN,NaN,NaN,NaN,NaN,NaN,NaN,NaN,NaN,NaN,NaN,NaN,NaN,NaN,NaN,NaN
1962 [YR1962],NaN,NaN,NaN,NaN,NaN,NaN,4000000,15778756.36,NaN,NaN,NaN,NaN,NaN,NaN,82434092.55,NaN,3.9,NaN,2176487110,NaN,NaN,NaN,NaN,NaN,NaN,232300,167800,NaN,83700,96500,NaN,NaN,NaN,NaN,NaN,NaN,116150000,83900000,NaN,NaN,48250000,NaN,NaN,10.67938026,NaN,NaN,NaN,NaN,NaN,NaN,NaN,NaN,NaN,NaN,NaN,NaN,0,80334,NaN,160046,143848,NaN,NaN,NaN,NaN,29000,156000,NaN,NaN,NaN,NaN,NaN,NaN,NaN,NaN,NaN,NaN,0.008467288,3.797755681,NaN,NaN,NaN,NaN,NaN,NaN,NaN,NaN,NaN,303894,NaN,NaN,NaN,NaN,NaN,NaN,NaN,NaN,NaN,NaN,NaN,NaN,157.8879789,55000000,18.23243738,9.746514254,1.903073352,NaN,NaN,NaN,NaN,NaN,NaN,NaN,NaN,NaN,NaN,NaN,NaN,NaN,NaN,NaN,NaN,NaN,NaN,NaN,NaN,NaN
1963 [YR1963],NaN,NaN,NaN,NaN,NaN,NaN,6700000,17869541.58,NaN,NaN,NaN,NaN,NaN,NaN,73171526.25,NaN,5.6,NaN,2298370388,NaN,NaN,NaN,NaN,NaN,NaN,251900,148400,NaN,88100,102800,NaN,NaN,NaN,NaN,NaN,NaN,125950000,74200000,NaN,NaN,51400000,NaN,NaN,18.58490561,NaN,NaN,NaN,NaN,NaN,NaN,NaN,NaN,NaN,NaN,NaN,NaN,0,75608,NaN,164170,147775,NaN,NaN,NaN,NaN,29000,156000,NaN,NaN,NaN,NaN,NaN,NaN,NaN,NaN,NaN,NaN,0.008641512,2.686899125,NaN,NaN,NaN,NaN,NaN,NaN,NaN,NaN,NaN,311945,NaN,NaN,NaN,NaN,NaN,NaN,NaN,NaN,NaN,NaN,94.56521739,NaN,NaN,58000000,NaN,NaN,NaN,NaN,NaN,NaN,NaN,NaN,NaN,NaN,NaN,NaN,NaN,NaN,NaN,NaN,NaN,NaN,NaN,NaN,NaN,NaN,NaN,NaN
1964 [YR1964],NaN,NaN,NaN,NaN,NaN,NaN,3200000,19967877.22,NaN,NaN,NaN,NaN,NaN,NaN,81617930.45,NaN,6.5,NaN,2447764463,NaN,NaN,NaN,NaN,NaN,NaN,268800,162300,NaN,97000,111800,NaN,NaN,NaN,NaN,NaN,NaN,134400000,81150000,NaN,NaN,55900000,NaN,NaN,14.35613015,NaN,NaN,NaN,NaN,NaN,NaN,NaN,NaN,NaN,NaN,NaN,NaN,0,89345,NaN,168649,151618,NaN,NaN,NaN,NaN,32000,156000,NaN,NaN,NaN,NaN,NaN,NaN,NaN,NaN,NaN,NaN,0.009007382,0.196254941,NaN,NaN,NaN,NaN,NaN,NaN,NaN,NaN,NaN,320267,NaN,NaN,NaN,NaN,NaN,NaN,NaN,NaN,NaN,NaN,NaN,NaN,NaN,81000000,NaN,NaN,NaN,NaN,NaN,NaN,NaN,NaN,NaN,NaN,NaN,NaN,NaN,NaN,NaN,NaN,NaN,NaN,16.81999969,NaN,NaN,NaN,NaN,NaN
1965 [YR1965],NaN,NaN,NaN,NaN,NaN,NaN,3650000,24676877.22,NaN,NaN,NaN,NaN,NaN,NaN,121881276.5,NaN,12,NaN,2741496199,NaN,NaN,NaN,NaN,NaN,NaN,308300,242100,NaN,114300,125500,NaN,NaN,NaN,NaN,NaN,NaN,154150000,121050000,NaN,NaN,62750000,NaN,NaN,13.60594739,NaN,NaN,NaN,NaN,NaN,NaN,NaN,NaN,NaN,NaN,NaN,NaN,0,101325,NaN,173979,154960,NaN,NaN,NaN,NaN,32000,156000,NaN,NaN,NaN,NaN,NaN,NaN,NaN,NaN,NaN,NaN,0.009181606,2.406196854,NaN,NaN,NaN,NaN,NaN,NaN,NaN,NaN,NaN,328939,NaN,NaN,NaN,NaN,NaN,NaN,NaN,NaN,NaN,NaN,95.24647887,0,80.61990231,93000000,11.74727057,6.897978431,2.883422162,NaN,NaN,NaN,NaN,NaN,NaN,NaN,NaN,NaN,NaN,NaN,NaN,NaN,NaN,NaN,NaN,NaN,NaN,NaN,NaN,NaN
1966 [YR1966],NaN,NaN,NaN,NaN,NaN,NaN,40000,27048178.97,NaN,NaN,NaN,NaN,NaN,NaN,152632518,NaN,19.2,NaN,3267863469,NaN,NaN,NaN,NaN,NaN,NaN,380700,305600,NaN,166200,138600,NaN,NaN,NaN,NaN,NaN,NaN,190350000,152800000,NaN,NaN,69300000,NaN,NaN,2.375654525,NaN,NaN,NaN,NaN,NaN,NaN,NaN,NaN,NaN,NaN,NaN,NaN,0,98674,NaN,179638,158517,NaN,NaN,NaN,NaN,31000,156000,NaN,NaN,NaN,NaN,NaN,NaN,NaN,NaN,NaN,NaN,0.009617166,3.593640814,NaN,NaN,NaN,NaN,NaN,NaN,NaN,NaN,NaN,338155,NaN,NaN,NaN,NaN,NaN,NaN,NaN,NaN,NaN,NaN,96.875,NaN,NaN,90000000,NaN,NaN,NaN,NaN,NaN,NaN,NaN,NaN,NaN,NaN,NaN,NaN,NaN,NaN,NaN,NaN,NaN,NaN,NaN,NaN,NaN,NaN,NaN,NaN
1967 [YR1967],NaN,NaN,NaN,NaN,NaN,NaN,0,27143651.7,NaN,NaN,NaN,NaN,NaN,NaN,175582048.1,NaN,12.1,NaN,3663274949,NaN,NaN,NaN,NaN,NaN,NaN,441400,352100,NaN,199700,158100,NaN,NaN,NaN,NaN,NaN,NaN,220700000,176050000,NaN,NaN,79050000,NaN,NaN,2.220960003,NaN,NaN,NaN,NaN,NaN,NaN,NaN,NaN,NaN,NaN,NaN,NaN,0,120005,NaN,185504,162169,NaN,NaN,NaN,NaN,30000,156000,NaN,NaN,NaN,NaN,NaN,1.005890349,58440,60730,NaN,NaN,0.010645088,3.429360488,NaN,NaN,21.4340734,NaN,NaN,NaN,NaN,NaN,NaN,347673,NaN,NaN,NaN,NaN,NaN,NaN,NaN,NaN,NaN,NaN,85.69237365,NaN,NaN,103000000,NaN,NaN,NaN,NaN,NaN,NaN,NaN,NaN,NaN,NaN,NaN,NaN,NaN,NaN,NaN,NaN,NaN,NaN,NaN,NaN,NaN,NaN,NaN,NaN
1968 [YR1968],NaN,NaN,NaN,NaN,NaN,NaN,13330000,31456378.01,NaN,NaN,NaN,NaN,NaN,NaN,184918807,NaN,7.6,NaN,3941683845,NaN,NaN,NaN,NaN,NaN,NaN,482700,362400,NaN,223000,176900,NaN,NaN,NaN,NaN,NaN,NaN,241350000,181200000,NaN,NaN,88450000,NaN,NaN,9.856512478,NaN,NaN,NaN,NaN,NaN,NaN,NaN,NaN,NaN,NaN,NaN,NaN,0,116251,NaN,191069,165482,NaN,NaN,NaN,NaN,30000,156000,NaN,NaN,NaN,NaN,NaN,0.754091568,67230,67280,NaN,NaN,0.01066251,1.632521059,NaN,NaN,22.42179407,NaN,NaN,NaN,NaN,NaN,NaN,356551,NaN,NaN,NaN,NaN,NaN,NaN,NaN,NaN,NaN,NaN,85.63621761,NaN,NaN,100000000,NaN,NaN,NaN,NaN,NaN,NaN,NaN,NaN,NaN,NaN,NaN,NaN,NaN,NaN,NaN,NaN,NaN,NaN,NaN,NaN,NaN,NaN,NaN,NaN
1969 [YR1969],NaN,NaN,NaN,NaN,NaN,NaN,13940000,32474000.14,NaN,NaN,NaN,NaN,NaN,NaN,193740553,NaN,4.5,NaN,4119059618,NaN,NaN,NaN,NaN,NaN,NaN,519300,378500,NaN,235700,189300,NaN,NaN,NaN,NaN,NaN,NaN,259650000,189250000,NaN,NaN,94650000,NaN,NaN,9.289299828,NaN,NaN,NaN,NaN,NaN,NaN,NaN,NaN,NaN,NaN,NaN,NaN,0,113733,NaN,195676,167898,NaN,NaN,NaN,NaN,30000,156000,NaN,NaN,NaN,NaN,NaN,0.173310225,78480,74620,NaN,NaN,0.011864656,2.949616541,NaN,NaN,24.46562681,NaN,NaN,NaN,NaN,NaN,NaN,363574,NaN,NaN,NaN,NaN,NaN,NaN,NaN,NaN,NaN,NaN,79.93066315,NaN,NaN,111000000,NaN,NaN,NaN,NaN,NaN,NaN,NaN,NaN,NaN,NaN,NaN,NaN,NaN,NaN,NaN,NaN,NaN,NaN,NaN,NaN,NaN,NaN,NaN,NaN
1970 [YR1970],NaN,NaN,NaN,NaN,NaN,NaN,18810000,37078136.8,NaN,NaN,NaN,NaN,NaN,NaN,211252160.4,NaN,2.7,NaN,4230274227,NaN,NaN,NaN,NaN,NaN,NaN,549800,413900,NaN,229000,221600,NaN,NaN,NaN,NaN,NaN,NaN,274900000,206950000,NaN,NaN,110800000,NaN,NaN,12.19618254,NaN,NaN,NaN,NaN,NaN,NaN,NaN,NaN,NaN,NaN,NaN,NaN,0,145591,NaN,198871,169055,NaN,NaN,NaN,NaN,30000,156000,NaN,NaN,17.87000233,NaN,NaN,-0.754819935,88080,87170,NaN,NaN,0.012171719,3.089864624,NaN,NaN,25.5893052,NaN,NaN,NaN,NaN,NaN,NaN,367926,NaN,NaN,NaN,NaN,NaN,NaN,NaN,NaN,NaN,NaN,92.58939303,NaN,NaN,115000000,NaN,NaN,NaN,NaN,NaN,NaN,NaN,NaN,NaN,NaN,NaN,NaN,NaN,NaN,NaN,NaN,NaN,NaN,NaN,NaN,NaN,NaN,NaN,NaN
1971 [YR1971],NaN,NaN,NaN,NaN,NaN,NaN,19590000,43893664.67,NaN,NaN,NaN,NaN,NaN,NaN,226981425.2,NaN,3.9,NaN,4395254922,NaN,NaN,NaN,NaN,NaN,NaN,602000,449500,NaN,260800,233100,NaN,NaN,NaN,NaN,NaN,NaN,301000000,224750000,NaN,NaN,116550000,NaN,NaN,12.06229171,NaN,NaN,NaN,NaN,NaN,NaN,NaN,NaN,NaN,NaN,NaN,91834,0,136609,NaN,200433,168797,NaN,NaN,NaN,NaN,33000,156000,NaN,NaN,17.86245902,NaN,NaN,0.131229236,106290,85500,NaN,NaN,0.012197955,5.384371113,NaN,NaN,26.59800664,NaN,NaN,NaN,NaN,NaN,NaN,369230,NaN,NaN,NaN,NaN,NaN,NaN,NaN,NaN,NaN,NaN,92.8476056,NaN,NaN,126000000,NaN,NaN,NaN,NaN,NaN,NaN,NaN,NaN,NaN,NaN,NaN,NaN,NaN,NaN,NaN,NaN,NaN,NaN,NaN,NaN,NaN,NaN,NaN,NaN
1972 [YR1972],NaN,NaN,NaN,NaN,NaN,NaN,15660000,53655594.02,NaN,NaN,NaN,NaN,NaN,NaN,252859189.5,NaN,-0.6,NaN,4368883393,NaN,NaN,NaN,NaN,NaN,NaN,623900,491800,NaN,265400,258200,NaN,NaN,NaN,NaN,NaN,NaN,311950000,245900000,NaN,NaN,129100000,NaN,NaN,14.31882842,NaN,NaN,NaN,NaN,NaN,NaN,NaN,NaN,NaN,NaN,NaN,91502,0,123318,NaN,195874,172033,NaN,NaN,NaN,NaN,33000,156000,NaN,NaN,18.74176477,NaN,NaN,-0.660362238,114470,99240,NaN,NaN,0.012592472,4.263454481,NaN,NaN,29.03349896,NaN,NaN,NaN,NaN,NaN,NaN,367907,NaN,NaN,NaN,NaN,NaN,NaN,NaN,NaN,NaN,NaN,90.2928477,NaN,NaN,145000000,NaN,NaN,NaN,NaN,NaN,NaN,NaN,NaN,NaN,NaN,NaN,NaN,NaN,NaN,NaN,NaN,NaN,NaN,NaN,NaN,NaN,NaN,NaN,NaN
1973 [YR1973],NaN,NaN,NaN,NaN,NaN,NaN,20580000,73004545.34,NaN,NaN,NaN,NaN,NaN,NaN,281985723.1,NaN,-1.8,NaN,4290243492,NaN,NaN,NaN,NaN,NaN,NaN,678900,539600,NaN,300100,267500,NaN,NaN,NaN,NaN,NaN,NaN,339450000,269800000,NaN,NaN,133750000,NaN,NaN,10.97850291,NaN,NaN,NaN,NaN,NaN,NaN,NaN,NaN,NaN,NaN,NaN,93275,0,164314,NaN,185785,179122,NaN,NaN,NaN,NaN,35000,156000,NaN,NaN,14.62668112,NaN,NaN,2.770658418,141080,132740,NaN,NaN,0.01422204,10.81009705,NaN,NaN,32.80011784,NaN,NaN,NaN,NaN,NaN,NaN,364907,NaN,NaN,NaN,NaN,NaN,NaN,NaN,NaN,NaN,NaN,92.74450431,0.002280749,87.87440472,158000000,15.81509698,13.43844136,2.078783576,NaN,NaN,NaN,NaN,NaN,NaN,NaN,NaN,NaN,NaN,NaN,NaN,NaN,NaN,NaN,NaN,NaN,NaN,NaN,NaN,NaN
1974 [YR1974],NaN,NaN,NaN,NaN,NaN,NaN,30710000,95075139.92,NaN,NaN,NaN,NaN,NaN,NaN,352759745.5,NaN,0.4,NaN,4307404466,NaN,NaN,NaN,NaN,NaN,NaN,819700,694600,NaN,392100,272100,NaN,NaN,NaN,NaN,NaN,NaN,409850000,347300000,NaN,NaN,136050000,NaN,NaN,13.80362759,NaN,NaN,NaN,NaN,NaN,NaN,NaN,NaN,NaN,NaN,NaN,95282,0,162610,NaN,175693,185972,NaN,NaN,NaN,NaN,35000,156000,NaN,NaN,28.46058282,NaN,NaN,1.499329023,162070,143570,NaN,NaN,0.016622179,20.25839784,NaN,NaN,29.11431011,NaN,NaN,NaN,NaN,NaN,NaN,361665,NaN,NaN,NaN,NaN,NaN,NaN,NaN,NaN,NaN,NaN,82.29293184,NaN,84.15603182,230000000,11.87017218,24.66764883,1.593425243,NaN,NaN,NaN,NaN,NaN,NaN,NaN,NaN,NaN,NaN,NaN,NaN,NaN,NaN,NaN,NaN,NaN,NaN,NaN,NaN,NaN
1975 [YR1975],NaN,NaN,NaN,NaN,NaN,NaN,34140000,112107456.4,NaN,NaN,NaN,NaN,NaN,NaN,475635247.9,NaN,2.8,NaN,4428011791,NaN,NaN,NaN,2317501700,1774771400,1746244500,931000,905800,NaN,299000,377100,NaN,NaN,NaN,NaN,NaN,NaN,465500000,452900000,NaN,NaN,188550000,NaN,NaN,11.60741879,NaN,NaN,NaN,NaN,NaN,NaN,NaN,38.16339874,NaN,NaN,NaN,91769,0,175115,NaN,166149,193085,NaN,NaN,NaN,NaN,35000,156000,NaN,NaN,16.56930444,NaN,NaN,0.78839957,164760,205220,NaN,NaN,0.018026309,10.48457037,NaN,NaN,30.52416756,NaN,NaN,NaN,NaN,NaN,NaN,359234,NaN,NaN,NaN,NaN,NaN,NaN,NaN,NaN,NaN,NaN,82.80546295,NaN,NaN,262000000,NaN,NaN,NaN,NaN,NaN,NaN,NaN,NaN,NaN,NaN,NaN,NaN,NaN,NaN,NaN,NaN,NaN,NaN,NaN,NaN,NaN,NaN,NaN,NaN
1976 [YR1976],NaN,NaN,NaN,NaN,NaN,NaN,134290000,130107634.6,NaN,NaN,NaN,NaN,NaN,NaN,507604870.8,NaN,8.8,NaN,4817676828,NaN,NaN,NaN,2589703700,1908167100,1524781800,1011000,940400,NaN,346000,434800,NaN,NaN,NaN,NaN,NaN,NaN,505500000,470200000,NaN,NaN,217400000,NaN,NaN,21.9885154,NaN,NaN,NaN,NaN,NaN,98.54531,NaN,NaN,NaN,NaN,NaN,80171,0,172632,NaN,157268,200681,NaN,NaN,NaN,NaN,35000,156000,NaN,NaN,17.31695407,NaN,NaN,1.827893175,248840,242290,NaN,NaN,0.019841475,-0.190339294,NaN,NaN,38.52917903,NaN,NaN,NaN,NaN,NaN,NaN,357949,NaN,NaN,NaN,NaN,NaN,NaN,NaN,NaN,NaN,NaN,94.03073661,NaN,NaN,294000000,NaN,NaN,NaN,NaN,NaN,NaN,NaN,NaN,NaN,NaN,NaN,NaN,NaN,NaN,NaN,NaN,NaN,NaN,NaN,NaN,NaN,NaN,NaN,NaN
1977 [YR1977],NaN,NaN,NaN,NaN,NaN,NaN,123300000,118372274.4,NaN,NaN,NaN,NaN,NaN,NaN,587877139,NaN,10.2,NaN,5309079865,NaN,NaN,NaN,2857033400,1877696000,1753791100,1283000,1201400,NaN,467500,541800,NaN,NaN,NaN,NaN,NaN,NaN,641500000,600700000,NaN,NaN,270900000,NaN,NaN,14.9658734,NaN,NaN,NaN,NaN,NaN,108.61244,24.23354,68.98832703,NaN,NaN,94.63652,86958,0,203096,NaN,148975,208674,NaN,NaN,NaN,NaN,36000,156000,NaN,NaN,18.17908135,NaN,NaN,6.187840998,363880,211190,NaN,NaN,0.021772276,15.157945,NaN,NaN,36.09820733,NaN,NaN,NaN,NaN,NaN,NaN,357649,NaN,NaN,NaN,NaN,NaN,NaN,NaN,NaN,NaN,NaN,90.22473671,NaN,NaN,398000000,NaN,NaN,NaN,NaN,NaN,NaN,NaN,NaN,NaN,NaN,NaN,NaN,NaN,NaN,NaN,NaN,NaN,NaN,NaN,NaN,NaN,NaN,NaN,NaN
1978 [YR1978],NaN,NaN,NaN,NaN,NaN,NaN,103620000,144644798.5,NaN,NaN,NaN,NaN,NaN,NaN,690279154,NaN,6.6,NaN,5659479136,NaN,NaN,NaN,2819091100,1997548900,2096724200,1471000,1396200,NaN,489500,654700,NaN,NaN,NaN,NaN,NaN,NaN,735500000,698100000,NaN,NaN,327350000,NaN,NaN,9.352528422,NaN,NaN,NaN,NaN,NaN,117.07207,24.42346,76.03376007,NaN,NaN,96.01222,85250,0,224219,NaN,141103,217000,NaN,NaN,NaN,NaN,36000,156000,NaN,NaN,16.29207763,NaN,NaN,3.76546567,416310,281826.0307,NaN,NaN,0.023693359,7.55455597,NaN,NaN,36.57307954,NaN,NaN,NaN,NaN,NaN,NaN,358103,NaN,NaN,NaN,NaN,NaN,NaN,NaN,NaN,NaN,NaN,93.51812746,NaN,NaN,382000000,NaN,NaN,NaN,NaN,NaN,NaN,NaN,NaN,NaN,NaN,NaN,NaN,NaN,NaN,NaN,NaN,NaN,NaN,NaN,NaN,NaN,NaN,NaN,NaN
1979 [YR1979],NaN,NaN,NaN,NaN,NaN,NaN,131970000,197214079.1,NaN,NaN,NaN,NaN,NaN,NaN,779505215,NaN,-0.6,NaN,5625522261,NaN,NaN,NaN,2634969900,1885144500,1989072100,1565000,1475400,NaN,529300,694400,NaN,NaN,NaN,NaN,NaN,NaN,782500000,737700000,NaN,NaN,347200000,NaN,NaN,12.79246343,NaN,NaN,NaN,NaN,NaN,115.80697,NaN,NaN,NaN,NaN,NaN,85060,0,236036,NaN,133473,225353,NaN,NaN,NaN,NaN,37000,156000,NaN,NaN,14.24317443,NaN,NaN,1.954632588,451700,333813.0403,NaN,NaN,0.02721,7.032405172,NaN,NaN,38.41597444,NaN,NaN,NaN,NaN,NaN,NaN,358826,NaN,NaN,NaN,NaN,NaN,NaN,NaN,NaN,NaN,NaN,86.74489487,NaN,NaN,411000000,NaN,NaN,NaN,NaN,NaN,NaN,NaN,NaN,NaN,NaN,NaN,NaN,NaN,NaN,NaN,NaN,NaN,NaN,NaN,NaN,NaN,NaN,NaN,NaN
1980 [YR1980],NaN,NaN,NaN,NaN,NaN,NaN,120640000,221129296.5,NaN,NaN,NaN,NaN,NaN,678021334.2,824246425.2,NaN,-8.8,NaN,5130476302,NaN,NaN,NaN,1902424878,1673237938,2135058296,1590000,1559000,NaN,522000,769000,NaN,NaN,NaN,NaN,NaN,NaN,795000000,779500000,NaN,NaN,348900000,NaN,NaN,10.52084697,NaN,NaN,NaN,NaN,NaN,NaN,NaN,NaN,NaN,NaN,NaN,80844,0,257919,NaN,125980,233551,NaN,NaN,NaN,NaN,40000,156000,NaN,NaN,14.39884152,NaN,NaN,0.562264151,469810,397629.4721,NaN,NaN,0.031049251,11.40070624,NaN,NaN,40.77358491,NaN,NaN,NaN,NaN,NaN,NaN,359531,NaN,NaN,NaN,NaN,NaN,NaN,NaN,NaN,NaN,NaN,84.33469514,NaN,NaN,504000000,NaN,NaN,NaN,NaN,NaN,NaN,101.7847954,NaN,NaN,NaN,NaN,NaN,NaN,NaN,NaN,NaN,NaN,NaN,12.85999966,NaN,NaN,NaN,NaN,NaN
1981 [YR1981],NaN,NaN,NaN,NaN,NaN,NaN,92470000,228584490.6,NaN,NaN,NaN,NaN,NaN,791934829.7,949461539.3,NaN,7.1,NaN,5494740119,NaN,NaN,NaN,1978959212,1720276756,2348841766,1778000,1801000,NaN,575000,887000,NaN,NaN,NaN,NaN,NaN,NaN,889000000,900500000,NaN,NaN,396700000,NaN,NaN,10.72293143,NaN,NaN,NaN,NaN,NaN,110.52795,NaN,92.43076324,NaN,NaN,NaN,74538,0,281137,NaN,125924,234220,NaN,NaN,NaN,NaN,43000,156000,NaN,NaN,12.24707737,NaN,NaN,3.768841395,613370,424430.6623,NaN,NaN,0.033779713,4.410737041,NaN,NaN,43.64566929,NaN,NaN,NaN,NaN,NaN,NaN,360144,NaN,NaN,357,NaN,NaN,NaN,NaN,NaN,NaN,NaN,88.65470688,NaN,NaN,568000000,NaN,NaN,NaN,NaN,NaN,NaN,93.80170523,NaN,NaN,NaN,NaN,NaN,NaN,NaN,NaN,NaN,NaN,NaN,NaN,NaN,NaN,NaN,NaN,NaN
1982 [YR1982],NaN,NaN,NaN,NaN,NaN,NaN,96860000,200464854.7,NaN,NaN,NaN,NaN,NaN,813252037.9,907216517.6,NaN,-4.2,NaN,5263961034,NaN,NaN,NaN,1687399844,1438043850,2376605853,1830000,1843000,NaN,539000,996000,NaN,NaN,NaN,NaN,NaN,NaN,915000000,921500000,NaN,NaN,451200000,NaN,NaN,10.98860577,NaN,NaN,NaN,NaN,NaN,113.00637,NaN,83.3236084,NaN,NaN,NaN,75630,0,301340,NaN,125927,235000,NaN,NaN,NaN,NaN,46000,156000,NaN,NaN,11.12564658,NaN,NaN,8.919125683,778500,359703.6801,NaN,NaN,0.036237663,7.436987913,NaN,NaN,47.14480874,NaN,NaN,NaN,NaN,NaN,NaN,360927,NaN,NaN,331,NaN,NaN,NaN,NaN,NaN,NaN,NaN,79.40816639,NaN,NaN,514000000,NaN,NaN,NaN,NaN,NaN,NaN,84.82053089,NaN,NaN,NaN,NaN,NaN,NaN,NaN,NaN,NaN,NaN,NaN,NaN,NaN,NaN,NaN,NaN,NaN
1983 [YR1983],NaN,NaN,NaN,NaN,NaN,NaN,680000,79778795.65,NaN,NaN,NaN,NaN,NaN,767227773,838804906.3,NaN,-3.9,NaN,5058666554,NaN,NaN,NaN,1501530747,1303647229,2340512540,1767000,1747000,NaN,484000,1006000,NaN,NaN,NaN,NaN,NaN,NaN,883500000,873500000,NaN,NaN,465150000,NaN,NaN,0.437321114,NaN,NaN,NaN,NaN,NaN,116.18031,NaN,81.28881073,NaN,NaN,NaN,74805,0,268123,NaN,126132,236150,NaN,NaN,NaN,NaN,48000,156000,NaN,NaN,9.622779738,NaN,NaN,27.56479909,1107170,162684.699,NaN,NaN,0.037836399,0.475938657,NaN,NaN,54.18788908,NaN,NaN,NaN,NaN,47.9,NaN,362282,NaN,NaN,NaN,NaN,NaN,NaN,NaN,NaN,NaN,NaN,85.14338897,NaN,NaN,472000000,NaN,NaN,NaN,NaN,NaN,NaN,72.6242311,NaN,NaN,NaN,NaN,NaN,NaN,NaN,NaN,NaN,NaN,NaN,NaN,NaN,NaN,NaN,NaN,NaN
1984 [YR1984],NaN,NaN,NaN,NaN,NaN,NaN,1380000,41541766.24,NaN,NaN,NaN,NaN,NaN,758717223.2,851945693,NaN,-1.9,NaN,4962551890,NaN,NaN,NaN,1552553636,1256608411,2207244922,1728000,1731000,NaN,485000,969000,NaN,NaN,NaN,NaN,NaN,NaN,864000000,865500000,NaN,NaN,447550000,NaN,NaN,0.584633153,NaN,NaN,NaN,NaN,NaN,121.06269,NaN,74.80956268,NaN,NaN,NaN,73520,0,302346,NaN,126708,238014,NaN,NaN,NaN,NaN,50000,156000,NaN,NaN,11.12400515,NaN,NaN,45.67824074,1416760,56939.58381,NaN,NaN,0.039232087,-0.313079236,NaN,NaN,66.7806713,NaN,NaN,NaN,NaN,46.5,502,364722,NaN,NaN,NaN,NaN,NaN,NaN,NaN,NaN,NaN,NaN,82.56872753,NaN,NaN,346000000,NaN,NaN,NaN,NaN,NaN,NaN,70.4065961,NaN,NaN,NaN,NaN,NaN,NaN,NaN,NaN,NaN,NaN,NaN,NaN,NaN,NaN,NaN,NaN,NaN
1985 [YR1985],NaN,NaN,NaN,NaN,NaN,NaN,6490000,41103145.42,NaN,NaN,NaN,NaN,NaN,751711342.7,876224937,NaN,2,NaN,5061802927,NaN,NaN,NaN,1629087970,1343966215,2251667461,1746000,1746000,NaN,472000,1040000,NaN,NaN,NaN,NaN,NaN,NaN,873000000,873000000,NaN,NaN,474800000,NaN,NaN,1.088201604,NaN,NaN,NaN,NaN,NaN,127.40732,26.81865,NaN,NaN,NaN,98.82753,71454,0,299434,NaN,127791,240845,NaN,NaN,NaN,NaN,52000,156000,NaN,NaN,12.10375969,NaN,NaN,64.965063,1824060,40200.11657,NaN,NaN,0.043495028,-0.939542484,NaN,NaN,87.49713631,NaN,NaN,NaN,NaN,45.1,490,368636,NaN,NaN,NaN,NaN,NaN,NaN,NaN,NaN,NaN,NaN,80.58997971,NaN,NaN,299000000,NaN,NaN,NaN,NaN,NaN,NaN,65.08466794,2000,2000,NaN,NaN,NaN,NaN,NaN,NaN,NaN,NaN,NaN,NaN,NaN,NaN,NaN,NaN,NaN
1986 [YR1986],NaN,NaN,NaN,NaN,NaN,NaN,11250000,42029395.84,NaN,NaN,NaN,NaN,NaN,773771929.6,919313043.9,NaN,0.8,NaN,5102297351,NaN,NaN,NaN,1763934178,1377565371,2221126965,1782000,1777000,NaN,463000,1121000,NaN,NaN,NaN,NaN,NaN,NaN,891000000,888500000,NaN,NaN,503450000,NaN,NaN,1.503657812,NaN,NaN,NaN,NaN,NaN,NaN,NaN,NaN,NaN,NaN,NaN,69963,0,300158,NaN,129420,244713,NaN,NaN,NaN,NaN,54000,156000,NaN,NaN,10.24199578,NaN,NaN,89.17059484,2316610,-23068.64964,NaN,NaN,0.051623361,1.251840943,NaN,NaN,107.4904602,NaN,NaN,NaN,NaN,43.8,478,374133,NaN,NaN,NaN,NaN,NaN,NaN,NaN,NaN,NaN,NaN,84.13193167,NaN,NaN,327000000,NaN,NaN,NaN,NaN,NaN,NaN,66.30421875,NaN,NaN,NaN,NaN,NaN,NaN,NaN,NaN,NaN,NaN,NaN,NaN,NaN,NaN,NaN,NaN,NaN
1987 [YR1987],NaN,NaN,NaN,NaN,NaN,NaN,12500000,41275925.2,NaN,NaN,NaN,NaN,NaN,842216716.7,961166867.4,NaN,-6.2,NaN,4785954915,NaN,NaN,NaN,1450507857,1068453141,2257220279,1960000,1952000,NaN,457000,1294000,NaN,NaN,NaN,NaN,NaN,NaN,980000000,976000000,NaN,NaN,580000000,NaN,NaN,1.909836003,NaN,NaN,NaN,NaN,NaN,109.97254,23.11082,82.8372879,NaN,NaN,98.46917,62633,0,271825,NaN,131521,249512,NaN,NaN,NaN,0.464646465,57000,156000,NaN,NaN,5.716165144,NaN,NaN,105.9086735,2848760,-31590,NaN,NaN,0.079186598,17.25882373,NaN,NaN,125.2816327,NaN,NaN,NaN,NaN,42.4,466,381033,NaN,NaN,NaN,NaN,NaN,NaN,NaN,NaN,NaN,NaN,90.95717752,NaN,NaN,294000000,NaN,NaN,NaN,NaN,NaN,NaN,60.53856567,NaN,NaN,NaN,NaN,NaN,NaN,NaN,NaN,NaN,NaN,NaN,NaN,NaN,NaN,NaN,NaN,NaN
1988 [YR1988],NaN,NaN,NaN,NaN,NaN,NaN,15590000,34745300.69,NaN,NaN,NaN,NaN,NaN,1015031925,1160646434,NaN,7.8,NaN,5159259398,NaN,NaN,NaN,1745711718,1196129932,2334959722,2322000,2306000,NaN,603000,1483000,NaN,NaN,NaN,NaN,NaN,NaN,1161000000,1153000000,NaN,NaN,651900000,NaN,NaN,1.831743351,NaN,NaN,NaN,NaN,NaN,106.45776,22.8437,NaN,NaN,NaN,98.63856,62271,0,265486,NaN,133941,254936,NaN,NaN,NaN,NaN,57000,156000,NaN,NaN,6.31932575,NaN,NaN,110.3596038,3501340,-85460,NaN,NaN,0.084977742,9.897391238,NaN,NaN,130.7588286,NaN,NaN,NaN,NaN,41.2,455,388877,NaN,NaN,NaN,NaN,NaN,NaN,NaN,NaN,NaN,NaN,91.95343776,NaN,NaN,351000000,NaN,NaN,NaN,NaN,NaN,NaN,81.05084826,NaN,NaN,NaN,NaN,NaN,NaN,NaN,NaN,NaN,NaN,NaN,NaN,NaN,NaN,NaN,NaN,NaN
1989 [YR1989],NaN,NaN,NaN,NaN,NaN,NaN,42840000,30931083.67,NaN,NaN,NaN,NaN,NaN,458469030.9,886712699.3,NaN,4.2,NaN,5375948293,NaN,NaN,NaN,1789445623,1216289425,2498767836,2713000,2701000,NaN,683000,1770000,NaN,NaN,NaN,NaN,NaN,NaN,542600000,540200000,NaN,NaN,312340000,NaN,NaN,9.38356139,NaN,NaN,NaN,NaN,NaN,112.14807,21.7575,NaN,NaN,NaN,NaN,65798,0,261081,NaN,136469,260613,NaN,NaN,NaN,NaN,57000,156000,NaN,NaN,18.0559919,NaN,NaN,108.1754515,4095420,-104560,NaN,NaN,0.085631771,12.12949324,NaN,NaN,132.4342057,NaN,NaN,NaN,NaN,39.9,444,397082,NaN,NaN,NaN,NaN,NaN,NaN,NaN,NaN,NaN,NaN,91.694082,NaN,NaN,443000000,NaN,NaN,NaN,NaN,NaN,NaN,107.2177537,4000,4000,NaN,NaN,NaN,NaN,NaN,NaN,NaN,NaN,NaN,16.5,NaN,NaN,NaN,NaN,NaN
1990 [YR1990],NaN,NaN,NaN,NaN,NaN,NaN,48660000,41887843.43,NaN,NaN,NaN,NaN,NaN,316310570.7,576721316.9,NaN,-4.5,NaN,5134030620,NaN,NaN,NaN,1800379099,1236448918,2321077679,3884000,3869000,NaN,873000,1975000,NaN,NaN,NaN,NaN,NaN,NaN,388400000,386900000,NaN,NaN,242000000,NaN,NaN,15.77410152,NaN,6616.743685,6616.743685,2673589280,NaN,NaN,NaN,NaN,NaN,NaN,NaN,61435,0,196284,NaN,138949,266220,NaN,NaN,NaN,NaN,57000,156000,692.7034912,139976.1719,25.03264622,NaN,NaN,71.33213182,4239590,-94480,NaN,NaN,0.10424807,49.90843003,4.6,-27.48906784,96.41941298,NaN,NaN,NaN,NaN,38.7,433,405169,NaN,NaN,NaN,NaN,NaN,NaN,NaN,NaN,NaN,NaN,94.8897313,NaN,NaN,472000000,NaN,NaN,NaN,NaN,NaN,NaN,93.46901051,4000,4000,NaN,NaN,NaN,NaN,NaN,NaN,NaN,NaN,NaN,31.38999939,NaN,NaN,NaN,NaN,NaN
1991 [YR1991],NaN,NaN,NaN,NaN,NaN,NaN,19880000,20221809.44,NaN,NaN,NaN,NaN,NaN,367733459.1,468974798,NaN,2.699999091,NaN,5272649400,NaN,NaN,NaN,1825126600,1273109100,2344582300,4481000,4461000,NaN,810000,2428000,NaN,NaN,NaN,NaN,NaN,NaN,448100000,446100000,NaN,NaN,323400000,NaN,NaN,9.697376893,NaN,6891.842573,6891.842573,2838835656,NaN,NaN,NaN,NaN,NaN,NaN,NaN,60085,0,229445,NaN,141332,271677,NaN,NaN,NaN,NaN,57000,156000,NaN,NaN,20.10659491,NaN,NaN,75.97567507,5229250,-168300,NaN,NaN,0.131318648,12.33763663,4.6,-3.060093426,103.3767016,NaN,NaN,NaN,NaN,37.5,422,413009,NaN,NaN,NaN,NaN,NaN,NaN,NaN,NaN,NaN,NaN,90.74592609,NaN,NaN,509000000,NaN,NaN,NaN,NaN,NaN,NaN,71.07198556,4000,4000,NaN,NaN,NaN,NaN,NaN,NaN,NaN,NaN,3.640000105,NaN,NaN,17.13999939,NaN,NaN,NaN
1992 [YR1992],NaN,NaN,NaN,NaN,NaN,NaN,13050000,35321332,NaN,NaN,NaN,NaN,NaN,325353949,436983534.8,NaN,0.400000046,NaN,5293740000,NaN,NaN,NaN,1808628300,1079809800,2377488700,6069000,6055000,NaN,1019000,3195000,NaN,NaN,NaN,NaN,NaN,NaN,404600000,403666666.7,NaN,NaN,287533333.3,NaN,NaN,19.77621846,NaN,6948.411152,6948.411152,2918893805,NaN,NaN,NaN,NaN,NaN,NaN,NaN,73407,3,261239,NaN,143638,277020,NaN,NaN,NaN,0.546231546,57000,156000,NaN,NaN,23.25445955,NaN,NaN,60.36365134,6128650,-141490,NaN,NaN,0.188660484,34.89892244,4.5,-19.25435872,91.18783984,NaN,NaN,NaN,NaN,36.3,410,420658,NaN,NaN,NaN,NaN,NaN,NaN,NaN,NaN,NaN,NaN,85.12139277,NaN,NaN,542000000,NaN,NaN,NaN,NaN,NaN,NaN,77.3918,2000,2000,NaN,NaN,NaN,NaN,NaN,NaN,NaN,NaN,3.5,25.45999908,NaN,17.28000069,NaN,NaN,NaN
1993 [YR1993],NaN,NaN,NaN,NaN,NaN,NaN,22220000,38828127.96,NaN,NaN,NaN,NaN,NaN,343763584.2,417064074.1,NaN,-6.699998489,NaN,4939059500,NaN,NaN,NaN,1610648400,863181300,2344582300,14578000,14324000,NaN,2353000,7228000,NaN,NaN,NaN,NaN,NaN,NaN,428764705.9,421294117.6,NaN,NaN,271617647.1,NaN,NaN,18.52150208,NaN,6522.195044,6522.195044,2761269453,NaN,NaN,NaN,NaN,NaN,NaN,NaN,79162,3,217239,NaN,145838,282190,NaN,NaN,NaN,NaN,57000,156000,NaN,NaN,17.76225406,NaN,NaN,36.50281246,8456120,2210254.904,NaN,NaN,0.459410084,157.4537118,4.75,-57.52634552,63.0079572,NaN,NaN,NaN,NaN,35.1,397,428028,NaN,NaN,NaN,NaN,NaN,NaN,NaN,NaN,NaN,NaN,81.11208555,NaN,NaN,525000000,NaN,NaN,NaN,NaN,NaN,NaN,64.52021501,2000,2000,NaN,NaN,NaN,NaN,NaN,NaN,NaN,NaN,3.329999924,19.31999969,NaN,15.64000034,NaN,NaN,NaN
1994 [YR1994],NaN,NaN,NaN,NaN,NaN,NaN,28240000,60427797.54,NaN,NaN,NaN,NaN,NaN,513359818.1,478956426.4,NaN,3.399999534,NaN,5106987500,NaN,NaN,NaN,1653956500,886510500,2222358400,81136000,80399000,NaN,22153000,29651000,NaN,NaN,NaN,NaN,NaN,NaN,605492537.3,599992537.3,NaN,NaN,316947761.2,NaN,NaN,10.00345783,NaN,6776.019035,6776.019035,2931494725,NaN,NaN,NaN,NaN,NaN,NaN,NaN,87882,1,218321,NaN,147925,287174,NaN,NaN,NaN,NaN,57000,156000,NaN,NaN,13.98298354,NaN,NaN,4.764802307,10520010,24762760.51,NaN,NaN,2.152235489,438.2637225,7.45,-78.56533978,34.59207996,NaN,NaN,NaN,NaN,33.9,383,435099,NaN,NaN,NaN,NaN,NaN,NaN,NaN,NaN,NaN,NaN,87.66720823,1.789227454,79.33171655,423000000,9.336882265,14.63358611,1.966802308,NaN,NaN,NaN,88.80989891,2000,2000,NaN,NaN,NaN,NaN,NaN,NaN,NaN,NaN,3.069999933,17.98999977,NaN,12.69999981,NaN,NaN,NaN
1995 [YR1995],NaN,NaN,NaN,NaN,NaN,NaN,33420000,169080965.6,NaN,NaN,NaN,NaN,NaN,607292792.9,585013522.3,NaN,0,NaN,5106987500,NaN,NaN,NaN,1641582800,873179600,2352808900,305683000,304420000,NaN,89334000,101376000,NaN,NaN,NaN,NaN,NaN,NaN,691590497.7,688733031.7,NaN,NaN,343294117.6,NaN,NaN,11.14074682,NaN,6812.384051,6812.384051,3001435256,NaN,NaN,NaN,NaN,NaN,NaN,NaN,NaN,1,216323,NaN,149894,291957,NaN,NaN,NaN,NaN,57000,156000,NaN,NaN,8.631447442,NaN,NaN,-1.874654462,14421300,73630288.29,NaN,NaN,7.222015906,276.7538454,21,-62.75419569,25.86453941,NaN,NaN,NaN,NaN,32.7,369,441851,NaN,NaN,NaN,NaN,NaN,NaN,NaN,NaN,NaN,NaN,88.03610208,2.231589728,75.10275229,585000000,13.99125558,11.7783722,1.166538652,NaN,NaN,NaN,120.2783666,1800,1800,NaN,NaN,NaN,NaN,NaN,NaN,NaN,NaN,2.789999962,19.26000023,NaN,8.390000343,NaN,NaN,NaN
1996 [YR1996],NaN,NaN,NaN,NaN,NaN,NaN,49090000,145619416.8,NaN,NaN,NaN,NaN,NaN,735703851.4,729363595.3,NaN,1.00000049,NaN,5158057400,NaN,NaN,NaN,1742635000,913172500,2346932700,345426000,342499000,NaN,90710000,126244000,NaN,NaN,NaN,NaN,NaN,NaN,861411471.3,854112219.5,NaN,NaN,425558603.5,NaN,NaN,12.69973649,NaN,6907.13345,6907.13345,3075728653,NaN,NaN,NaN,NaN,NaN,NaN,NaN,NaN,1,228817,NaN,151718,296489,NaN,NaN,NaN,NaN,57000,156000,NaN,NaN,10.33495931,NaN,NaN,-0.521356238,43754600,72331807.1,NaN,NaN,7.171325497,11.88255118,17.775,21.48900661,31.71211779,NaN,NaN,NaN,NaN,31.5,355,448207,NaN,NaN,1531,NaN,NaN,NaN,NaN,NaN,NaN,NaN,87.92206953,3.199492799,66.1708205,501000000,14.14292752,13.5677475,0.791483624,18.1,45.60185,28.91,135.4315566,1800,1800,NaN,NaN,NaN,NaN,NaN,NaN,NaN,NaN,2.130000114,NaN,NaN,10.88000011,NaN,NaN,NaN
1997 [YR1997],NaN,NaN,NaN,NaN,NaN,NaN,44000000,164989208.7,NaN,NaN,NaN,NaN,NaN,770824850.8,834489872.7,NaN,5.699998608,NaN,5452066600,NaN,NaN,NaN,1703451500,916505300,2429198800,370569000,359924000,NaN,100670000,158494000,NaN,NaN,NaN,NaN,NaN,NaN,926422500,899810000,NaN,NaN,504957500,NaN,NaN,8.377323797,NaN,7329.306768,7329.306768,3255459446,NaN,NaN,NaN,NaN,NaN,NaN,NaN,NaN,1,213192,NaN,153403,300762,NaN,NaN,NaN,0.627816628,57000,156000,NaN,NaN,9.230242483,NaN,NaN,2.988566232,74702700,47837408.11,NaN,NaN,7.683724708,1.493698881,17.35,31.19041031,35.191125,NaN,NaN,NaN,NaN,30.4,342,454165,NaN,NaN,NaN,NaN,NaN,NaN,NaN,NaN,NaN,NaN,88.41612958,4.946456287,76.26974598,658000000,14.85304985,14.73423482,0.742275436,NaN,NaN,NaN,142.2857359,1800,1800,NaN,NaN,NaN,NaN,NaN,NaN,NaN,NaN,2.359999895,NaN,NaN,10.56000042,NaN,NaN,NaN
1998 [YR1998],NaN,NaN,NaN,NaN,NaN,NaN,32160000,143047987.4,NaN,NaN,NaN,NaN,NaN,945100018.2,944667450.6,NaN,2.300001251,NaN,5577464200,NaN,NaN,NaN,1829251200,936501700,2493836400,444340000,432829000,NaN,94015000,207566000,NaN,NaN,NaN,NaN,NaN,NaN,1110850000,1082072500,NaN,NaN,644950000,NaN,NaN,5.355463776,NaN,7488.72897,7488.72897,3375442569,NaN,NaN,NaN,NaN,NaN,6,NaN,NaN,106,188520,NaN,154979,304859,NaN,NaN,NaN,NaN,57000,156000,NaN,NaN,5.827466211,NaN,NaN,11.45469612,135940614.1,46282652.27,NaN,NaN,9.141739839,17.21162478,15.95,8.415014504,40.50602195,NaN,NaN,NaN,NaN,29.4,329,459838,NaN,NaN,NaN,NaN,NaN,NaN,NaN,NaN,NaN,NaN,91.75534355,4.459567265,80.70171498,552000000,14.46423585,11.34098348,1.064675325,NaN,NaN,NaN,87.0144357,1800,1800,NaN,NaN,NaN,NaN,NaN,NaN,NaN,NaN,0.649999976,NaN,NaN,10.63000011,NaN,NaN,NaN
1999 [YR1999],NaN,NaN,NaN,NaN,NaN,NaN,14460000,109790274.7,NaN,NaN,NaN,NaN,NaN,716979845,908170675,NaN,-1.400000022,NaN,5499379700,NaN,NaN,NaN,1711700600,853183100,2445652000,762210000,730530000,NaN,166824000,354867000,NaN,NaN,NaN,NaN,NaN,NaN,886290697.7,849453488.4,NaN,NaN,506030232.6,NaN,NaN,3.981383343,NaN,7401.294654,7401.294654,3334182470,NaN,NaN,NaN,NaN,NaN,6,NaN,64031,200,180328,NaN,156503,308877,NaN,99.62406,NaN,NaN,57000,156000,NaN,NaN,8.912584782,NaN,NaN,13.44854005,217520326.9,33603476.58,NaN,NaN,18.17131889,73.97318597,15.6,-26.78469427,32.55046997,NaN,NaN,NaN,NaN,28.4,317,465380,NaN,NaN,NaN,NaN,57.9,NaN,NaN,NaN,NaN,NaN,90.4039984,NaN,80.87797597,486000000,15.4953632,9.393423851,1.153443092,18.13,38.58657,28.92,88.54532607,1800,1800,NaN,NaN,NaN,NaN,NaN,NaN,NaN,NaN,0.709999979,14.28999996,NaN,13.60000038,NaN,NaN,NaN
2000 [YR2000],NaN,NaN,NaN,NaN,NaN,NaN,31470000,133306155.8,NaN,NaN,NaN,NaN,NaN,718619051.7,929683323.8,NaN,2.09999866,NaN,5614866600,NaN,NaN,NaN,1915867300,1363093300,2449177700,1250927000,1187548000,NaN,311362000,575552000,NaN,NaN,NaN,NaN,NaN,NaN,947671969.7,899657575.8,NaN,NaN,517077272.7,NaN,NaN,3.871473188,NaN,7634.375101,7634.375101,3455101780,NaN,NaN,NaN,NaN,NaN,6,NaN,NaN,345,163695,NaN,158030,312914,0,95.55319214,5.700754338,NaN,57000,156000,692.7034912,139976.1719,13.31835708,NaN,NaN,23.19778834,396347189.1,33889117.25,NaN,NaN,28.96538877,60.74282171,15.525,-19.74758273,35.80907984,317.3875427,6.28476238,168.918747,94.49534607,27.4,306,470944,NaN,NaN,NaN,NaN,NaN,NaN,NaN,NaN,NaN,NaN,79.41851983,0.528036151,0.039163742,526000000,14.04506595,6.706020389,0.200133047,18.13,6.695172,28.92,100,2000,2000,NaN,NaN,NaN,NaN,NaN,NaN,NaN,NaN,0.730000019,NaN,NaN,12.68999958,NaN,NaN,NaN
2001 [YR2001],NaN,NaN,NaN,NaN,NaN,NaN,20920000,192538818.5,NaN,NaN,NaN,NaN,NaN,568562426.3,796422430.1,NaN,4.20000005,NaN,5850691000,NaN,NaN,NaN,2148906100,1533063300,2498537300,1818729000,1586526000,NaN,450467000,772506000,NaN,NaN,NaN,NaN,NaN,NaN,834279357.8,727764220.2,NaN,NaN,430901834.9,NaN,NaN,3.263419572,NaN,8033.468455,8033.468455,3452172053,NaN,NaN,NaN,NaN,NaN,6,NaN,64852,422,191385,NaN,159571,317003,0,95.48371887,5.66902526,NaN,57000,156000,NaN,NaN,13.73582606,NaN,22.32612731,5.794849808,268237970.5,211250785.6,NaN,NaN,40.14205707,39.53022873,11.85833333,-9.894077331,31.56581958,213.2688294,4.09541416,93.65898895,0.74872518,26.5,295,476574,NaN,NaN,534,NaN,NaN,NaN,NaN,NaN,NaN,NaN,93.46109188,0.806963863,0.043521957,461000000,14.22527218,17.17111449,0.212269603,NaN,NaN,NaN,101.7060367,2000,2000,NaN,NaN,NaN,NaN,NaN,NaN,NaN,NaN,0.819999993,NaN,NaN,11.82999992,NaN,NaN,NaN
2002 [YR2002],NaN,NaN,NaN,NaN,NaN,NaN,23940000,113194031.2,NaN,NaN,NaN,NaN,NaN,860920406.6,928634466.7,NaN,2.800000889,NaN,6014510400,NaN,NaN,NaN,2122096300,1476406700,2640740000,2569900000,2468040000,NaN,736611000,1125161000,NaN,NaN,NaN,NaN,NaN,NaN,1093574468,1050229787,NaN,NaN,611245531.9,NaN,NaN,1.174028777,NaN,8290.67477,8290.67477,3869264165,NaN,NaN,NaN,NaN,NaN,6,NaN,64023,422,157166,NaN,161108,321120,0,95.39996338,8.471478151,0.658552189,45000,156000,NaN,NaN,9.296065943,NaN,28.91304703,11.88477034,720986792.1,572050582.4,NaN,NaN,46.37507441,37.45328205,9,-11.10919179,48.42070984,280.2966919,5.70779514,162.9091034,35.91561508,25.7,285,482228,NaN,NaN,448,NaN,NaN,NaN,NaN,NaN,NaN,NaN,91.76031849,2.351532825,0.186358015,492000000,14.76129784,14.37415594,0.168507327,NaN,NaN,NaN,118.3626085,2000,2000,NaN,NaN,NaN,NaN,NaN,NaN,NaN,NaN,0.889999986,NaN,NaN,11.07999992,NaN,NaN,NaN
2003 [YR2003],NaN,NaN,NaN,NaN,NaN,NaN,22010000,114370366.4,NaN,NaN,NaN,NaN,NaN,1028540839,1071714236,NaN,6.299999082,NaN,6393424500,NaN,NaN,NaN,2227273100,1559725300,2858157400,3314169000,3186169000,NaN,888165000,1425745000,NaN,NaN,NaN,NaN,NaN,NaN,1274190311,1224978470,NaN,NaN,712924259.9,NaN,NaN,0.909403766,NaN,8871.605225,8871.605225,4192975497,NaN,NaN,NaN,NaN,NaN,6,NaN,NaN,260,193750,NaN,162659,325279,0,95.2974472,8.597763383,NaN,55000,156000,NaN,NaN,8.305965897,NaN,20.8617041,8.647375264,879166171.4,721482104.6,NaN,NaN,57.0423767,21.31797862,8.275,-0.227758452,45.00767197,262.8999023,5.23449087,173.2046356,37.87539673,24.9,276,487938,NaN,NaN,423,NaN,NaN,NaN,NaN,NaN,NaN,NaN,90.8816699,1.476683642,0.101216138,704000000,13.29840155,14.6825423,0.191724748,NaN,NaN,NaN,161.0135272,1800,1800,NaN,NaN,NaN,NaN,NaN,NaN,NaN,NaN,0.980000019,NaN,NaN,10.30000019,NaN,NaN,NaN
2004 [YR2004],NaN,NaN,NaN,NaN,NaN,NaN,37010000,138383053.4,NaN,NaN,NaN,NaN,NaN,1161139109,1392461561,NaN,8.500000274,NaN,6936865600,NaN,NaN,NaN,2542803500,1726362600,3020339100,4057509000,3884000000,NaN,1259000000,1681000000,NaN,NaN,NaN,NaN,NaN,NaN,1484092538,1420629115,NaN,NaN,805032187.3,NaN,NaN,1.745705405,NaN,9769.865049,9769.865049,4655634375,NaN,NaN,NaN,NaN,NaN,6,NaN,NaN,288,174563,NaN,164213,329467,0,95.17171478,8.743217114,NaN,53000,156000,NaN,NaN,9.905546363,NaN,17.18312231,9.159258974,1158952672,964812419.4,NaN,NaN,62.73881389,12.83792776,8.341666667,6.738637498,48.67814299,326.8395996,5.84803867,221.2223663,51.81420135,24.1,267,493680,NaN,NaN,489,NaN,NaN,NaN,NaN,NaN,NaN,NaN,96.73673715,2.110628521,0.181339482,742000000,11.10565394,13.92488473,0.261514321,NaN,NaN,NaN,220.5733899,1000,1000,NaN,NaN,NaN,NaN,NaN,NaN,NaN,NaN,1.070000052,NaN,NaN,9.489999771,NaN,NaN,NaN
2005 [YR2005],-28000000,14500000,-128400000,1415600000,NaN,22100000,30590000,141874019.1,NaN,NaN,NaN,NaN,NaN,1419762891,1658308813,NaN,4.500000692,NaN,7249024600,NaN,NaN,NaN,2802652000,1902998200,3235406000,4899000000,4788639300,NaN,1658000000,2026000000,NaN,NaN,NaN,NaN,NaN,NaN,1793388732,1752988725,NaN,NaN,932752498.4,NaN,NaN,2.446108207,NaN,10405.67872,10405.67872,5102119080,NaN,93.11622,21.25078,80.93565369,NaN,6,82.56368,65527,242,163990,NaN,166410,333051,0,95.02095795,8.222633621,NaN,49000,156000,NaN,NaN,12.93270222,NaN,15.02300749,7.5677587,1347019603,1034545129,NaN,NaN,68.94870476,15.53981141,7.266666667,1.609997947,44.8081617,335.1917114,5.61497545,251.2885895,32.43535233,23.5,258,499461,NaN,NaN,561,NaN,NaN,NaN,NaN,13,161,27.9,93.70658084,2.877445717,0.146094386,1050000000,9.533305315,17.16172868,0.295131009,NaN,NaN,NaN,251.6151827,2000,2000,NaN,NaN,NaN,NaN,NaN,NaN,NaN,NaN,1.149999976,NaN,NaN,9.279999733,NaN,NaN,NaN
2006 [YR2006],163400000,19300000,239200000,1411100000,800000,35900000,54110000,237361004.2,NaN,NaN,NaN,NaN,NaN,2095775708,2038939612,NaN,5.793543589,NaN,7669000000,NaN,NaN,NaN,2873000000,1857000000,3409000000,7206000000,7056468400,3801000000,2665000000,3272000000,46.79388329,47.78547906,52.74771024,98.16819317,NaN,NaN,2626380435,2571880453,1385355542,1192914677,1183073951,NaN,NaN,2.450735947,NaN,11210.79569,11210.79569,5547176744,2076634539,103.60266,18.86693,79.81053162,NaN,6,84.51888,66121,180,182705,NaN,168692,336600,0,91.01983989,9.429469273,NaN,49000,156000,NaN,NaN,12.94723477,NaN,16.83807972,4.569039849,1634064555,1428088698,NaN,NaN,76.72701798,39.03612463,6.625,-16.82617235,38.73070618,333.2355652,6.27044153,325.9138794,59.0689621,22.8,250,505292,NaN,NaN,669,NaN,NaN,NaN,NaN,13,150.1,27.9,92.95148511,4.73431804,0.227621019,1013000000,9.707059292,19.07417803,0.215678133,NaN,NaN,NaN,296.537452,2000,2000,NaN,NaN,NaN,NaN,NaN,NaN,NaN,NaN,1.24000001,NaN,NaN,9,NaN,NaN,NaN
2007 [YR2007],246700000,8100000,249700000,1612400000,2500000,77400000,154650000,403278663.5,NaN,NaN,NaN,NaN,NaN,2391112252,2580898695,NaN,5.111487808,NaN,8061000000,NaN,NaN,NaN,2988000000,1893000000,3607000000,8061000000,8053863000,4363000000,2988000000,3607000000,55.60508622,55.65436114,54.12479841,101.3770004,NaN,NaN,2936612022,2934012022,1589435337,1387613843,1303096539,NaN,NaN,5.123019144,NaN,11960.9798,11960.9798,6108812238,2075433269,97.07535,19.31867,NaN,NaN,6,82.64389,65020,118.3000031,179061,NaN,171005,340176,0,94.68270874,10.75713353,0.622121212,46000,156000,NaN,NaN,13.89879338,NaN,17.4325885,1.716936291,1900071726,2133902438,NaN,NaN,81.65771048,6.425201221,6.416666667,6.898239666,44.58901584,338.1098633,5.59070206,321.1723633,14.02558517,22.2,242,511181,NaN,NaN,570,NaN,NaN,NaN,NaN,13,137.5,27.9,93.24014752,4.503580086,0.350272925,1044000000,11.2482231,15.94554926,0.158568955,18.13,37.76599,28.92,342.9739552,2000,2000,NaN,NaN,NaN,NaN,NaN,NaN,NaN,NaN,1.340000033,NaN,NaN,8.739999771,NaN,NaN,NaN
2008 [YR2008],231400000,31900000,213800000,2027700000,2600000,90500000,97170000,602541474.4,NaN,NaN,NaN,NaN,NaN,2737413452,3271821451,NaN,4.143406525,NaN,8395000000,NaN,NaN,NaN,3230000000,2067000000,3750000000,9698000000,9753998000,5519000000,3886000000,4282000000,52.09755104,51.79845741,56.90864096,109.1668385,NaN,NaN,3532969035,3553369035,2010564663,1846265938,1547176685,NaN,NaN,2.814793388,NaN,12552.97651,12552.97651,6528902952,2465194595,99.609,18.10528,94.06049347,NaN,6,88.45061,69604,74.40000153,182904,NaN,173344,343778,0,94.51838684,10.81260037,NaN,47000,156000,NaN,NaN,15.51252594,NaN,16.06228829,-0.689674942,2318997783,2678513010,NaN,NaN,93.63456344,15.52114354,6.341666667,-2.874922664,44.79687863,288.063446,5.08278036,347.2540894,21.00188828,21.6,235,517122,NaN,NaN,472,NaN,NaN,NaN,NaN,13,120,27.9,88.45991959,10.99078038,0.302921501,1304000000,11.66409946,15.55639702,0.13583068,NaN,NaN,NaN,439.8849182,2000,2000,NaN,NaN,NaN,NaN,NaN,NaN,NaN,NaN,1.409999967,NaN,NaN,8.56000042,NaN,NaN,NaN
2009 [YR2009],93400000,87700000,12500000,1688500000,0,94000000,146290000,657026656.4,NaN,NaN,NaN,NaN,NaN,3131018384,3641823412,NaN,3.01369863,NaN,8648000000,NaN,NaN,NaN,2938000000,1830000000,4039000000,10638000000,10651176000,4694000000,3648000000,5075000000,52.64341042,52.57828807,44.1248355,87.92066178,NaN,NaN,3875409836,3880209836,1710018215,1697267760,1833879781,NaN,NaN,3.982258971,NaN,12880.64129,12880.64129,6746376490,2468562400,100.93494,17.90106,81.58715057,NaN,6,91.56642,71074,41.15999985,229394,NaN,175703,347410,0,94.37270355,11.17646039,NaN,58000,156000,NaN,NaN,11.39005829,NaN,19.69733362,1.076902304,2802824885,2983230925,NaN,NaN,93.50943335,6.483624612,6.375,4.851802713,46.91852296,322.3642273,5.33047295,394.9021912,22.72737122,21,228,523113,NaN,NaN,603,NaN,NaN,NaN,NaN,13,116.6,27.9,91.7336453,4.497438496,0.264139279,1390000000,14.26074772,15.60525988,0.690435735,18.16,39.99366,27.45,353.7853321,1840,1840,NaN,NaN,NaN,NaN,NaN,NaN,NaN,NaN,1.460000038,22.45000076,NaN,8.720000267,NaN,NaN,NaN
2010 [YR2010],255700000,53900000,668597840.3,2325497840,0,86548000,95440000,690815612.9,NaN,NaN,NaN,NaN,NaN,2964182688,4032001171,NaN,5.168825162,NaN,9095000000,NaN,NaN,NaN,3144000000,2050000000,4217000000,11993000000,11706654800,6302000000,4218000000,5786000000,50.3398956,51.57121127,52.54731927,90.96139415,1678079697,2295476069,4368398048,4264098055,2295476069,1678079697,2090041524,NaN,NaN,2.364157584,NaN,13548.53322,13548.53322,6997716781,2587001380,96.27792,17.71178,88.76496124,NaN,6,89.82359,70981,71.09999847,226721,NaN,178083,351043,0,91.19751586,9.994174295,NaN,55000,156000,692.7034912,139976.1719,24.74675917,NaN,18.74812287,1.588502463,3226838950,3074269074,NaN,NaN,100,7.196554181,6.166434651,4.099001981,46.06206979,295.043457,5.03042459,415.2991028,44.62621307,20.5,222,529126,NaN,NaN,583,NaN,NaN,NaN,NaN,13,114.5,27.9,91.21340643,13.01558858,0.256200615,1398000000,15.16690737,18.89918948,1.670943337,18.16,39.99366,27.45,511.1970018,1840,1840,NaN,NaN,NaN,NaN,NaN,NaN,NaN,NaN,1.539999962,22.96999931,NaN,7.150000095,NaN,NaN,NaN
2011 [YR2011],-72895402.67,35006025.65,606113686.4,2847654990,1229854.047,87311087.96,59870000,816878191.1,NaN,NaN,NaN,NaN,NaN,2439261231,4240262227,NaN,5.849367784,NaN,9627000000,NaN,NaN,NaN,3323000000,2086000000,4393000000,14452000000,13595403000,NaN,5074000000,6792000000,NaN,NaN,NaN,NaN,NaN,NaN,4422276622,4160160037,NaN,NaN,2061811506,NaN,NaN,1.834785228,NaN,14475.07261,14475.07261,7287563034,NaN,91.48591,18.37182,95.84565735,NaN,6,87.98702,69857,96,235330,NaN,180483,354694,0,94.18360138,11.08731037,NaN,58000,156000,NaN,NaN,35.74947539,NaN,14.52649693,-1.79603151,3386812328,4402284728,NaN,NaN,117.7117796,13.84444672,6.388802256,-1.829986229,46.42610019,283.6839905,4.72143984,390.1407776,29.04536438,20,216,535177,6766790.018,NaN,680,NaN,NaN,NaN,NaN,13,109.3,27.9,92.20887195,8.968366972,0.360168964,1638000000,14.3494868,23.38019671,1.130912242,18.13,38.00378,28.49,622.5701595,1840,1840,NaN,NaN,NaN,NaN,NaN,NaN,NaN,NaN,1.629999995,22.79000092,NaN,7.539999962,NaN,NaN,NaN
2012 [YR2012],-172866773.2,-6995806.2,282088349.5,2871828916,5796374.94,72771929.28,14040000,1008868435,NaN,NaN,NaN,NaN,NaN,2868224054,4626191266,NaN,2.690350057,NaN,9886000000,NaN,NaN,NaN,2968000000,1708000000,4777000000,16434000000,15798786200,NaN,5795000000,7832000000,NaN,NaN,NaN,NaN,NaN,NaN,4980000000,4787510970,NaN,NaN,2356666667,NaN,NaN,0.84281788,NaN,15785.12357,15785.12357,8213418034,NaN,90.85343,18.18272,93.14685822,NaN,6,88.44554,70193,74.19999695,224156,NaN,182898,358349,0,94.15994263,10.95884976,0.622121212,52000,156000,NaN,NaN,34.45207871,NaN,20.13887888,-0.061515543,4206752186,5171303929,NaN,NaN,123.6054474,10.73520027,6.791666667,0.908894727,49.45736963,287.8354492,4.58755207,422.1010742,12.22828865,19.5,211,541247,14035327.77,NaN,780,NaN,NaN,NaN,NaN,13,105,27.9,90.81168123,5.315655872,0.430536275,1994000000,15.24611741,15.51167958,0.639777229,18.16,35.06261,27.45,680.092873,1840,1840,NaN,NaN,NaN,NaN,NaN,NaN,NaN,NaN,1.679999948,21.38999939,NaN,8.100000381,NaN,NaN,NaN
2013 [YR2013],-187637617.6,126536.715,-131317402.5,2588885193,9885400.824,66561616.73,15160000,778764877.9,NaN,NaN,NaN,NaN,NaN,3334286054,4898303134,NaN,2.93344123,NaN,10176000000,NaN,NaN,NaN,3135000000,1857000000,4970000000,16981000000,16547875300,NaN,5477000000,8623000000,NaN,NaN,NaN,NaN,NaN,NaN,5145757576,5014507667,NaN,NaN,2594848485,NaN,NaN,0.614616663,NaN,16815.11043,16815.11043,8968094624,NaN,92.88522,17.1976,91.00509644,NaN,6,88.04086,70254,78.69999695,262076,NaN,185314,361981,0,94.1807785,13.30057271,NaN,60000,156000,NaN,NaN,26.84477077,NaN,19.43731928,3.090268426,5506763824,4585808193,NaN,NaN,125.9829191,0.38376658,7.091666667,11.55522167,53.16170971,320.713562,4.80475569,451.7543335,5.4472003,19,205,547295,9684819.775,NaN,701,NaN,NaN,NaN,NaN,13,101.7,27.9,92.2803161,8.014457809,0.369679086,2174000000,11.3187843,21.71660748,0.51950215,18.16,35.06261,27.45,609.7819503,1940,1940,NaN,NaN,NaN,NaN,NaN,NaN,NaN,NaN,1.720000029,22.56999969,NaN,6.599999905,NaN,NaN,NaN
2014 [YR2014],-164098415.6,-446763.1201,-417197854.4,2351540509,13859448.62,71177777.8,9660000,625144169.1,NaN,NaN,NaN,NaN,NaN,3671763830,5123441778,NaN,0.255503145,NaN,10202000000,NaN,NaN,NaN,3053000000,1706000000,4998000000,17294000000,17061937000,NaN,5231000000,9038000000,NaN,NaN,NaN,NaN,NaN,NaN,5240606061,5170283939,NaN,NaN,2739090909,NaN,NaN,0.258979981,NaN,17261.07558,17261.07558,9422022465,NaN,96.25144,17.77223,96.84707642,NaN,6,87.6045,70492,82.81999969,275938,NaN,187622,365656,0,94.23721313,13.83862482,NaN,65000,156000,NaN,NaN,21.00493982,NaN,15.16218846,7.463897084,6694820996,3839247673,NaN,NaN,130.2454413,1.583687044,7.35,10.53283908,55.0448542,321.8319092,4.84127617,458.5661011,5.31350613,18.5,200,553278,10154767.95,NaN,725,NaN,NaN,NaN,NaN,13,100.3,27.9,86.21907171,10.63474809,0.348019789,1982000000,13.6950223,21.00098614,0.757126756,NaN,NaN,NaN,533.201357,1940,1940,NaN,NaN,NaN,NaN,NaN,NaN,NaN,NaN,1.789999962,23.71999931,NaN,6.940000057,NaN,NaN,NaN
2015 [YR2015],-266741456,1280536.398,-838499616,1843140760,19711049.47,65336038.8,12880000,330244649.3,NaN,NaN,NaN,NaN,NaN,3615946541,4858585080,NaN,-3.411095864,NaN,9854000000,NaN,NaN,NaN,3069000000,1724000000,4660000000,16357000000,16311000000,NaN,4160000000,9093000000,NaN,NaN,NaN,NaN,NaN,NaN,4787367928,4773904645,NaN,NaN,2692363977,NaN,NaN,0.334736463,NaN,16072.41747,16072.41747,8961394445,NaN,104.01579,18.58706,95.50639343,NaN,6,89.26191,71921,122.1699982,268529,NaN,189793,369343,0,95.09519196,NaN,NaN,65000,156000,NaN,NaN,15.72570017,1082.66,15.84848871,16.10793617,8895209601,2996448953,NaN,NaN,139.2244364,-2.077845507,7.533333333,15.00632033,65.03895086,524.2608643,6.21926689,532.4972534,2.95725465,18,194,559136,10068179.61,NaN,686,NaN,NaN,NaN,NaN,13,100.7,27.9,90.86437562,0.000786774,0.208717066,2028000000,13.41561344,12.29195141,0.502126315,NaN,NaN,NaN,416.9947507,1940,1940,NaN,NaN,NaN,NaN,NaN,NaN,NaN,NaN,1.899999976,21.69000053,NaN,7.21999979,NaN,NaN,NaN
2016 [YR2016],-299987139.7,19398195.31,-95935803.99,1606330376,22703601.25,101813575.8,13930000,381050648.9,NaN,NaN,NaN,NaN,NaN,1937836749,3720527308,NaN,-5.561193424,NaN,9306000000,NaN,NaN,NaN,3014000000,1849000000,4208000000,19489000000,18436000000,NaN,5722000000,10489000000,NaN,NaN,NaN,NaN,NaN,NaN,3128953537,2959894679,NaN,NaN,1780656969,NaN,NaN,0.55846584,NaN,14206.64561,14206.64561,7591493000,NaN,100.24082,17.84294,73.18900299,NaN,6,90.47281,71653,102.0999985,278166,NaN,191834,373049,NaN,96.06616974,NaN,NaN,65000,156000,NaN,NaN,26.22612367,1255.55,14.12470659,12.05717708,10417755856,6447234904,NaN,NaN,216.3720213,26.16398894,8.075,-10.0509311,83.0852269,568.4210815,6.27941179,351.9419251,12.6793642,17.6,188,564883,7249561.632,NaN,636,NaN,NaN,NaN,NaN,8,96.5,27.9,95.41119175,NaN,0.12561051,1252000000,18.89391136,15.27050831,0.424893188,NaN,NaN,NaN,363.0880275,1940,1940,NaN,NaN,NaN,NaN,NaN,NaN,NaN,NaN,1.909999967,28.29000092,NaN,7.170000076,0.048403859,0.001740921,NaN
2017 [YR2017],-98203020.74,0,363505213.2,2143368511,12501500.5,99681005.58,15970000,424603963.1,NaN,NaN,NaN,NaN,NaN,1712865670,3077564303,NaN,1.76230389,NaN,9470000000,NaN,NaN,NaN,3640000000,2247000000,3588000000,24082000000,21107000000,NaN,8118000000,11589000000,NaN,NaN,NaN,NaN,NaN,NaN,3216207914,2818889646,NaN,NaN,1768099683,NaN,NaN,0.714110933,NaN,16372.57962,16372.57962,8186673670,NaN,94.76616,17.19233,87.73725891,NaN,6,86.07316,68612,110,289517,NaN,193736,376765,NaN,96.80492401,NaN,0.622121212,62000,156000,NaN,NaN,29.25034721,1153.09,16.0743982,15.97196795,11988901369,6365148499,NaN,NaN,263.9672515,21.42722375,9.05,-5.766601207,73.08548047,544.1958618,6.22976971,335.10849,5.48093224,17,182,570501,11030333.36,NaN,643,NaN,NaN,NaN,NaN,8,94,27.9,86.81875902,0.002514782,0.263025937,1363000000,15.55182983,0.664756668,0.460355656,NaN,NaN,NaN,513.4514436,2000,2000,NaN,NaN,NaN,NaN,NaN,NaN,NaN,NaN,1.860000014,NaN,NaN,7.079999924,NaN,NaN,NaN
2018 [YR2018],-119190760,-436332.842,166040948.6,2235837596,8648843.212,102727908.2,17550000,580780344.6,NaN,NaN,NaN,NaN,NaN,1879311632,3002704203,NaN,2.57655755,NaN,9714000000,NaN,NaN,NaN,3851000000,2343000000,3620000000,25855000000,22939000000,NaN,8486000000,12500000000,NaN,NaN,NaN,NaN,NaN,NaN,3464656616,3073902848,NaN,NaN,NaN,NaN,NaN,0.461302813,NaN,17039.68568,17039.68568,8707714875,NaN,92.94455,16.0393,93.10076904,NaN,6,86.02531,67690,110,274001,27,195490,380497,NaN,97.4,NaN,NaN,62000,156000,NaN,NaN,29.19476079,1310.08,22.15916694,13.52021628,11567995180,8430232362,NaN,NaN,NaN,4.665576506,9.239296919,9.204113511,74.24424059,777.7474365,7.96947193,474.1265564,22.86390686,16.6,177,575987,NaN,NaN,546,NaN,NaN,NaN,NaN,8,93.4,27.9,94.37796354,0.018460289,0.46481514,1582000000,13.41854185,0.651752754,0.320403112,18.16,35.57349,27.45,537.3258631,1840,1840,NaN,NaN,NaN,NaN,NaN,NaN,NaN,NaN,1.779999971,NaN,NaN,7,NaN,NaN,NaN
2019 [YR2019],19542246.31,-2945040,-125964881.9,2286750029,5321674.39,89743303.79,29460000,647934729.7,NaN,NaN,NaN,NaN,NaN,NaN,3149267103,NaN,0.267654931,NaN,9740000000,NaN,NaN,NaN,3758000000,2237000000,3763000000,27575000000,24468000000,NaN,8208000000,14508000000,NaN,NaN,NaN,NaN,NaN,NaN,3697371950,3280772325,NaN,NaN,NaN,NaN,NaN,0.712637051,NaN,17256.02045,17256.02045,8901659659,NaN,NaN,NaN,NaN,NaN,6,NaN,68147,NaN,NaN,NaN,197111,384252,NaN,NaN,NaN,NaN,NaN,NaN,NaN,NaN,NaN,1477.42,63.82973562,18.04877665,13151705995,5867258972,NaN,NaN,294.6647727,6.367786387,8.988220459,8.08180117,73.57733105,NaN,NaN,NaN,NaN,16.1,171,581363,NaN,NaN,NaN,NaN,NaN,NaN,NaN,8,93.5,27.9,86.24080049,0.00228643,0.486337983,1803000000,13.12541542,11.10283496,0.333538775,18.16,34.03933,27.45,557.8437311,NaN,NaN,NaN,NaN,NaN,NaN,NaN,NaN,NaN,NaN,1.679999948,NaN,NaN,6.940000057,NaN,NaN,NaN
2020 [YR2020],NaN,NaN,NaN,NaN,NaN,NaN,NaN,NaN,NaN,NaN,NaN,NaN,NaN,NaN,NaN,NaN,NaN,NaN,NaN,NaN,NaN,NaN,NaN,NaN,NaN,NaN,NaN,NaN,NaN,NaN,NaN,NaN,NaN,NaN,NaN,NaN,NaN,NaN,NaN,NaN,NaN,NaN,NaN,NaN,NaN,NaN,NaN,NaN,NaN,NaN,NaN,NaN,NaN,NaN,NaN,NaN,NaN,NaN,NaN,NaN,NaN,NaN,NaN,NaN,NaN,NaN,NaN,NaN,NaN,NaN,NaN,NaN,NaN,NaN,NaN,NaN,NaN,NaN,NaN,NaN,NaN,NaN,NaN,NaN,NaN,NaN,NaN,NaN,NaN,NaN,NaN,NaN,NaN,NaN,NaN,NaN,NaN,NaN,NaN,NaN,NaN,NaN,NaN,NaN,NaN,NaN,NaN,NaN,NaN,NaN,NaN,NaN,NaN,NaN,NaN,NaN,NaN,NaN,NaN,NaN,NaN,NaN,NaN,8.649999619,NaN,NaN,NaN
